City_ID,City,Country,Date,Lat,Lng,Max Temp,Humidity,Cloudiness,Wind Speed
0,Ariquemes,BR,2021-05-23 22:47:00,-9.9133,-63.0408,74.8,96,95,2.86
1,Bredasdorp,ZA,2021-05-23 22:47:01,-34.5322,20.0403,59.29,46,58,6.73
2,Barrow,US,2021-05-23 22:45:03,71.2906,-156.7887,33.82,80,90,16.11
3,Bengkulu,ID,2021-05-23 22:44:20,-3.8004,102.2655,75.45,89,87,4.23
4,Port Alfred,ZA,2021-05-23 22:47:01,-33.5906,26.891,65.17,35,81,9.66
5,Cherskiy,RU,2021-05-23 22:45:10,68.75,161.3,44.56,50,11,5.99
6,Airai,TL,2021-05-23 22:47:02,-8.9266,125.4092,60.71,65,61,2.3
7,Arraial Do Cabo,BR,2021-05-23 22:47:03,-22.9661,-42.0278,75.24,78,100,7.76
8,Saint-Philippe,RE,2021-05-23 22:47:03,-21.3585,55.7679,69.35,80,95,13.38
9,Nichinan,JP,2021-05-23 22:47:04,31.6,131.3667,68.27,91,100,4.52
10,Albany,US,2021-05-23 22:43:40,42.6001,-73.9662,67.87,75,98,7.4
11,Ayacucho,PE,2021-05-23 22:47:16,-13.1583,-74.2239,59.68,60,52,5.21
12,Narsaq,GL,2021-05-23 22:47:16,60.9167,-46.05,43.02,46,100,13.6
13,Zarichne,UA,2021-05-23 22:47:16,51.8126,26.129,50.04,83,100,4.23
14,Punta Arenas,CL,2021-05-23 22:44:17,-53.15,-70.9167,37.51,88,40,10.94
15,Kavaratti,IN,2021-05-23 22:46:23,10.5669,72.642,83.12,74,98,8.41
16,Chokurdakh,RU,2021-05-23 22:47:17,70.6333,147.9167,27.66,95,94,3.13
17,Emerald,AU,2021-05-23 22:47:18,-23.5333,148.1667,63.34,59,6,12.66
18,Jamestown,US,2021-05-23 22:47:18,42.097,-79.2353,78.12,83,90,8.05
19,Vieste,IT,2021-05-23 22:47:19,41.8825,16.175,63.1,81,52,2.57
20,Rikitea,PF,2021-05-23 22:47:30,-23.1203,-134.9692,74.46,68,57,3.24
21,Katsuura,JP,2021-05-23 22:45:37,35.1333,140.3,71.19,77,89,2.28
22,Ushuaia,AR,2021-05-23 22:45:01,-54.8,-68.3,46.06,71,75,11.5
23,Kjopsvik,NO,2021-05-23 22:47:31,68.097,16.3742,43.18,71,100,6.51
24,Victoria,HK,2021-05-23 22:45:25,22.2855,114.1577,86.97,84,41,1.01
25,Oxapampa,PE,2021-05-23 22:47:32,-10.5775,-75.4017,59.86,99,40,1.34
26,Dikson,RU,2021-05-23 22:47:33,73.5069,80.5464,27.73,93,100,16.22
27,Nanortalik,GL,2021-05-23 22:47:34,60.1432,-45.2371,36.91,65,100,7.25
28,Bolivar,US,2021-05-23 22:47:45,37.6145,-93.4105,83.16,89,85,7.58
29,Tuktoyaktuk,CA,2021-05-23 22:47:57,69.4541,-133.0374,33.8,86,75,11.5
30,Ilulissat,GL,2021-05-23 22:47:57,69.2167,-51.1,42.82,33,20,10.36
31,Hithadhoo,MV,2021-05-23 22:47:58,-0.6,73.0833,83.79,70,95,11.86
32,Castro,BR,2021-05-23 22:45:21,-24.7911,-50.0119,50.83,56,2,7.92
33,Pacific Grove,US,2021-05-23 22:46:50,36.6177,-121.9166,75.16,78,1,4.0
34,Constitucion,CL,2021-05-23 22:45:03,-35.3333,-72.4167,54.25,77,58,9.73
35,Moroni,KM,2021-05-23 22:47:59,-11.7022,43.2551,75.85,70,5,13.2
36,Cayenne,GF,2021-05-23 22:45:30,4.9333,-52.3333,78.1,90,75,9.42
37,Busselton,AU,2021-05-23 22:48:00,-33.65,115.3333,44.1,61,84,17.63
38,Mlimba,TZ,2021-05-23 22:48:00,-8.8,35.8167,64.56,88,72,3.83
39,Maldonado,UY,2021-05-23 22:48:12,-34.6667,-54.9167,56.59,90,100,26.64
40,Bomet,KE,2021-05-23 22:48:12,-0.7813,35.3416,56.01,98,91,2.98
41,Maxixe,MZ,2021-05-23 22:48:24,-23.8597,35.3472,64.13,69,0,7.87
42,Kodiak,US,2021-05-23 22:48:35,57.79,-152.4072,53.11,62,1,5.75
43,Husavik,IS,2021-05-23 22:48:47,66.0449,-17.3389,40.91,96,100,7.67
44,Rey Bouba,CM,2021-05-23 22:48:59,8.6724,14.1786,83.28,50,93,3.87
45,Vilyuysk,RU,2021-05-23 22:49:10,63.7553,121.6247,47.75,36,12,4.92
46,Eureka,US,2021-05-23 22:49:22,40.8021,-124.1637,73.67,63,11,5.01
47,Lodwar,KE,2021-05-23 22:49:46,3.1191,35.5973,85.3,43,50,14.12
48,Elizabeth City,US,2021-05-23 22:49:46,36.2946,-76.2511,91.45,33,1,10.36
49,Athens,GR,2021-05-23 22:46:03,37.9795,23.7162,72.37,59,0,1.99
50,Tiksi,RU,2021-05-23 22:49:47,71.6872,128.8694,33.87,78,60,10.74
51,Atuona,PF,2021-05-23 22:49:47,-9.8,-139.0333,79.77,79,30,19.55
52,Yellowknife,CA,2021-05-23 22:49:48,62.456,-114.3525,63.12,42,75,7.0
53,Butaritari,KI,2021-05-23 22:49:48,3.0707,172.7902,82.09,80,73,18.43
54,Blagoyevo,RU,2021-05-23 22:49:48,63.3667,47.9167,42.66,69,97,7.56
55,Kalmunai,LK,2021-05-23 22:49:49,7.4167,81.8167,79.29,82,83,4.79
56,Farsund,NO,2021-05-23 22:49:49,58.0948,6.8047,46.94,80,86,4.07
57,Saint George,US,2021-05-23 22:45:14,37.1041,-113.5841,79.27,13,1,5.01
58,Zhangye,CN,2021-05-23 22:50:01,38.9342,100.4517,52.84,24,1,3.83
59,Carnarvon,AU,2021-05-23 22:50:02,-24.8667,113.6333,57.27,100,75,5.75
60,Tabat,ID,2021-05-23 22:50:04,-2.635,115.2274,74.41,98,100,0.2
61,Kushmurun,KZ,2021-05-23 22:50:16,52.4503,64.6311,70.88,31,9,7.54
62,Formosa,AR,2021-05-23 22:48:11,-26.1775,-58.1781,58.98,72,0,8.05
63,Dobele,LV,2021-05-23 22:50:16,56.625,23.2786,44.15,96,31,8.46
64,Hofn,IS,2021-05-23 22:50:17,64.2539,-15.2082,41.09,82,85,16.22
65,Pevek,RU,2021-05-23 22:48:52,69.7008,170.3133,31.26,82,13,5.48
66,Hermanus,ZA,2021-05-23 22:50:17,-34.4187,19.2345,59.81,53,60,7.96
67,Bathsheba,BB,2021-05-23 22:50:18,13.2167,-59.5167,81.21,77,40,16.17
68,Sola,VU,2021-05-23 22:50:18,-13.8833,167.55,79.47,83,90,4.61
69,Puerto Ayora,EC,2021-05-23 22:50:19,-0.7393,-90.3518,80.56,85,68,7.0
70,Mahebourg,MU,2021-05-23 22:50:30,-20.4081,57.7,70.09,88,40,3.44
71,Parnu,EE,2021-05-23 22:50:31,58.3859,24.4971,48.99,95,54,10.22
72,Severo-Kurilsk,RU,2021-05-23 22:50:31,50.6789,156.125,46.33,63,35,10.09
73,Georgetown,MY,2021-05-23 22:50:32,5.4112,100.3354,82.89,86,20,5.01
74,Road Town,VG,2021-05-23 22:49:14,18.4167,-64.6167,77.09,94,40,3.44
75,Tripoli,LY,2021-05-23 22:46:39,32.8752,13.1875,73.74,51,16,18.28
76,Shubarkuduk,KZ,2021-05-23 22:50:33,49.1447,56.4872,69.51,31,6,7.38
77,Sitka,US,2021-05-23 22:47:53,57.0531,-135.33,51.69,71,90,5.75
78,Camana,PE,2021-05-23 22:50:45,-16.6228,-72.7111,64.98,81,38,6.55
79,Boueni,YT,2021-05-23 22:50:56,-12.9025,45.0761,76.98,64,35,14.36
80,Richards Bay,ZA,2021-05-23 22:51:08,-28.783,32.0377,62.87,80,2,9.69
81,Aripuana,BR,2021-05-23 22:51:20,-9.1667,-60.6333,76.33,91,92,2.98
82,Markivka,UA,2021-05-23 22:51:31,49.5229,39.5705,56.52,85,74,8.03
83,Nizhniy Odes,RU,2021-05-23 22:51:32,63.6445,54.856,40.08,73,66,5.82
84,Yuli,NG,2021-05-23 22:51:32,9.6989,10.2744,82.47,59,65,4.81
85,Aksu,CN,2021-05-23 22:51:32,41.1231,80.2644,66.2,26,95,3.49
86,Brownwood,US,2021-05-23 22:51:33,31.7093,-98.9912,78.12,83,100,17.81
87,Oranjemund,NA,2021-05-23 22:51:33,-28.55,16.4333,72.23,33,0,7.43
88,Shieli,KZ,2021-05-23 22:51:34,44.1667,66.75,75.4,26,10,14.94
89,Sakakah,SA,2021-05-23 22:51:45,29.9697,40.2064,78.37,21,0,5.91
90,Vaini,TO,2021-05-23 22:51:46,-21.2,-175.2,71.76,94,90,10.36
91,Shakawe,BW,2021-05-23 22:51:46,-18.3667,21.85,54.48,56,0,4.63
92,Catuday,PH,2021-05-23 22:51:47,16.2923,119.8062,81.5,75,5,6.53
93,Camacha,PT,2021-05-23 22:51:47,33.0833,-16.3333,61.56,48,40,13.8
94,Gat,IL,2021-05-23 22:49:22,31.61,34.7642,67.41,81,21,2.17
95,Grindavik,IS,2021-05-23 22:51:48,63.8424,-22.4338,46.35,75,75,5.68
96,Henties Bay,NA,2021-05-23 22:51:49,-22.116,14.2845,74.86,40,0,2.73
97,Cape Town,ZA,2021-05-23 22:48:08,-33.9258,18.4232,66.61,42,0,9.01
98,Zachary,US,2021-05-23 22:50:04,30.6485,-91.1565,82.27,72,1,4.54
99,Nsanje,MW,2021-05-23 22:51:50,-16.92,35.262,63.05,98,81,3.47
100,Sisimiut,GL,2021-05-23 22:52:01,66.9395,-53.6735,35.58,64,98,2.48
101,Harrisonburg,US,2021-05-23 22:52:02,38.4496,-78.8689,86.61,61,75,8.59
102,Khatanga,RU,2021-05-23 22:52:02,71.9667,102.5,36.32,93,100,8.32
103,Thompson,CA,2021-05-23 22:52:03,55.7435,-97.8558,62.76,36,20,17.27
104,Padang,ID,2021-05-23 22:52:03,-0.9492,100.3543,77.05,86,62,3.89
105,Urumqi,CN,2021-05-23 22:52:04,43.801,87.6005,59.95,39,0,1.19
106,Carballo,ES,2021-05-23 22:52:15,43.213,-8.691,58.01,98,100,10.92
107,Ako,JP,2021-05-23 22:52:27,34.75,134.4,70.45,77,100,2.17
108,Soyo,AO,2021-05-23 22:52:27,-6.1349,12.3689,77.59,83,97,4.74
109,Konin,PL,2021-05-23 22:52:28,52.2234,18.2512,47.05,93,23,6.4
110,Touros,BR,2021-05-23 22:52:28,-5.1989,-35.4608,79.7,84,4,13.62
111,Mpongwe,ZM,2021-05-23 22:52:29,-13.5091,28.155,53.31,85,3,7.83
112,Hilo,US,2021-05-23 22:52:29,19.7297,-155.09,82.13,79,40,14.97
113,Salinas,US,2021-05-23 22:49:14,36.6777,-121.6555,75.58,59,20,13.8
114,Kahului,US,2021-05-23 22:52:41,20.8947,-156.47,84.22,72,40,20.71
115,Srednekolymsk,RU,2021-05-23 22:52:53,67.45,153.6833,52.81,36,43,8.34
116,Bundaberg,AU,2021-05-23 22:53:04,-24.85,152.35,69.22,72,40,7.0
117,Nikolskoye,RU,2021-05-23 22:53:16,59.7035,30.7861,50.79,96,73,11.12
118,Vernon,CA,2021-05-23 22:51:58,50.2581,-119.2691,81.12,25,97,2.3
119,Atbasar,KZ,2021-05-23 22:53:16,51.8,68.3333,69.31,33,1,6.91
120,Mataura,NZ,2021-05-23 22:53:17,-46.1927,168.8643,49.48,87,13,1.16
121,Cape Coast,GH,2021-05-23 22:53:17,5.1053,-1.2466,79.52,88,55,4.61
122,Clyde River,CA,2021-05-23 22:53:18,70.4692,-68.5914,21.43,93,90,17.27
123,Tasiilaq,GL,2021-05-23 22:53:18,65.6145,-37.6368,32.32,96,100,13.78
124,Hobart,AU,2021-05-23 22:53:30,-42.8794,147.3294,53.11,63,0,6.64
125,Banjar,ID,2021-05-23 22:53:30,-8.19,114.9675,80.46,88,15,2.73
126,Norman Wells,CA,2021-05-23 22:53:31,65.282,-126.8329,48.24,93,90,12.66
127,Isangel,VU,2021-05-23 22:53:31,-19.55,169.2667,73.51,62,75,9.55
128,Beloha,MG,2021-05-23 22:53:32,-25.1667,45.05,63.55,90,0,9.35
129,Cabo San Lucas,MX,2021-05-23 22:53:32,22.8909,-109.9124,90.81,55,12,7.47
130,Bethel,US,2021-05-23 22:53:33,41.3712,-73.414,84.07,84,88,5.99
131,Aklavik,CA,2021-05-23 22:53:34,68.2191,-135.0107,38.12,75,91,21.74
132,Kenai,US,2021-05-23 22:53:45,60.5544,-151.2583,63.03,51,1,8.48
133,Ranfurly,NZ,2021-05-23 22:53:57,-45.1333,170.1,43.65,79,50,4.18
134,Cap Malheureux,MU,2021-05-23 22:53:57,-19.9842,57.6142,70.29,76,44,14.38
135,Faanui,PF,2021-05-23 22:53:58,-16.4833,-151.75,81.37,75,86,13.71
136,Ziarat,PK,2021-05-23 22:53:58,30.3823,67.7282,54.46,53,0,0.58
137,Upernavik,GL,2021-05-23 22:53:58,72.7868,-56.1549,28.87,87,14,9.8
138,Ucluelet,CA,2021-05-23 22:53:59,48.9329,-125.5528,67.95,81,95,1.99
139,Bandarbeyla,SO,2021-05-23 22:53:59,9.4942,50.8122,81.3,70,59,21.79
140,Hamilton,US,2021-05-23 22:51:39,39.1834,-84.5333,83.59,60,90,5.84
141,Saint-Francois,FR,2021-05-23 22:54:00,46.4154,3.9054,51.19,93,0,3.44
142,Bambous Virieux,MU,2021-05-23 22:54:00,-20.3428,57.7575,70.05,78,40,12.44
143,Alofi,NU,2021-05-23 22:54:23,-19.0595,-169.9187,82.29,83,74,6.91
144,Vardo,NO,2021-05-23 22:54:35,70.3705,31.1107,35.46,64,42,6.8
145,Opuwo,NA,2021-05-23 22:54:46,-18.0607,13.84,64.45,36,0,7.56
146,Ponta Do Sol,PT,2021-05-23 22:54:58,32.6667,-17.1,65.03,71,95,10.4
147,Saint-Augustin,CA,2021-05-23 22:54:58,51.226,-58.6502,38.48,81,100,15.79
148,Miechow,PL,2021-05-23 22:54:59,50.3565,20.0279,49.8,95,75,8.46
149,Abha,SA,2021-05-23 22:54:59,18.2164,42.5053,67.82,44,0,2.42
150,Tuatapere,NZ,2021-05-23 22:55:00,-46.1333,167.6833,49.82,81,25,3.89
151,Lamesa,US,2021-05-23 22:52:27,32.7376,-101.951,85.08,45,71,15.55
152,Leningradskiy,RU,2021-05-23 22:55:00,69.3833,178.4167,31.89,86,69,0.36
153,Cozumel,MX,2021-05-23 22:55:01,20.5083,-86.9458,84.0,76,56,5.01
154,Dinguiraye,GN,2021-05-23 22:55:01,11.3,-10.7167,83.05,37,69,3.33
155,Sabha,LY,2021-05-23 22:55:07,27.0377,14.4283,89.46,9,0,11.99
156,Felipe Carrillo Puerto,MX,2021-05-23 22:55:19,19.5833,-88.05,78.67,83,99,5.55
157,Morros,BR,2021-05-23 22:55:30,-9.4467,-46.3003,76.84,51,100,2.21
158,Muli,MV,2021-05-23 22:55:30,2.9167,73.5667,84.09,75,100,15.82
159,Souillac,MU,2021-05-23 22:55:31,-20.5167,57.5167,70.18,85,40,11.23
160,Saint-Ambroise,CA,2021-05-23 22:55:31,48.5501,-71.3324,59.32,40,5,10.67
161,Sinnamary,GF,2021-05-23 22:55:32,5.3833,-52.95,77.99,91,100,8.28
162,Dire Dawa,ET,2021-05-23 22:55:32,9.5931,41.8661,68.31,75,69,12.48
163,Qaanaaq,GL,2021-05-23 22:55:33,77.484,-69.3632,27.16,81,3,4.54
164,Ornskoldsvik,SE,2021-05-23 22:55:33,63.2909,18.7153,40.82,87,90,4.45
165,Lorengau,PG,2021-05-23 22:55:34,-2.0226,147.2712,84.07,72,55,5.99
166,Skibbereen,IE,2021-05-23 22:55:45,51.55,-9.2667,44.4,81,79,9.22
167,Boende,CD,2021-05-23 22:55:57,-0.2167,20.8667,69.55,99,98,2.66
168,Geraldton,AU,2021-05-23 22:55:57,-28.7667,114.6,63.01,60,75,20.11
169,Novikovo,RU,2021-05-23 22:55:58,51.1537,37.8879,52.83,89,61,3.62
170,Beringovskiy,RU,2021-05-23 22:55:59,63.05,179.3167,32.0,98,100,10.33
171,Hervey Bay,AU,2021-05-23 22:55:59,-25.2986,152.8535,69.04,71,3,14.38
172,Nome,US,2021-05-23 22:56:00,64.5011,-165.4064,47.16,64,82,5.77
173,Rio Gallegos,AR,2021-05-23 22:56:00,-51.6226,-69.2181,44.65,87,20,9.22
174,Alice Town,BS,2021-05-23 22:56:01,25.7167,-79.3,75.31,65,66,14.9
175,Kavieng,PG,2021-05-23 22:56:12,-2.5744,150.7967,81.73,79,100,7.61
176,Kalaleh,IR,2021-05-23 22:56:24,37.3807,55.4916,73.45,64,32,4.16
177,Monrovia,LR,2021-05-23 22:56:25,6.3005,-10.7969,78.57,80,43,5.21
178,Praia,CV,2021-05-23 22:56:25,14.9215,-23.5087,72.14,78,75,13.8
179,Magistralnyy,RU,2021-05-23 22:56:26,56.1725,107.4458,43.07,65,93,1.5
180,Avarua,CK,2021-05-23 22:56:26,-21.2078,-159.775,80.65,83,75,10.36
181,Nouadhibou,MR,2021-05-23 22:56:26,20.931,-17.0347,66.18,82,0,16.11
182,Kaitangata,NZ,2021-05-23 22:56:38,-46.2817,169.8464,48.92,77,79,3.31
183,Queanbeyan,AU,2021-05-23 22:56:38,-35.35,149.2333,53.47,97,90,4.61
184,Kasama,ZM,2021-05-23 22:56:39,-10.2129,31.1808,51.96,83,3,4.09
185,Tilik,PH,2021-05-23 22:56:39,13.8144,120.2002,83.84,74,2,12.91
186,Ginir,ET,2021-05-23 22:56:40,7.1333,40.7,55.13,91,45,5.12
187,Serowe,BW,2021-05-23 22:56:40,-22.3833,26.7167,51.4,72,0,4.85
188,Ballina,AU,2021-05-23 22:56:41,-28.8667,153.5667,61.79,88,40,8.05
189,Aktau,KZ,2021-05-23 22:56:52,43.65,51.2,66.78,28,0,13.29
190,Worthing,GB,2021-05-23 22:57:04,50.8145,-0.3713,51.48,88,100,15.01
191,Kristiinankaupunki,FI,2021-05-23 22:57:04,62.2743,21.376,39.87,78,67,12.35
192,Roald,NO,2021-05-23 22:57:05,62.5833,6.1333,50.9,93,20,5.75
193,Port Lincoln,AU,2021-05-23 22:57:05,-34.7333,135.8667,67.51,42,100,23.78
194,Tungor,RU,2021-05-23 22:57:06,53.3808,142.9564,36.25,92,100,13.78
195,Saskylakh,RU,2021-05-23 22:57:06,71.9167,114.0833,36.68,96,100,15.75
196,Rockhampton,AU,2021-05-23 22:57:07,-23.3833,150.5,67.89,64,2,8.05
197,Taoudenni,ML,2021-05-23 22:57:29,22.6783,-3.9836,100.35,15,14,12.77
198,Andenes,NO,2021-05-23 22:57:41,69.3143,16.1194,39.18,65,5,12.66
199,New Norfolk,AU,2021-05-23 22:57:53,-42.7826,147.0587,52.75,80,97,2.82
200,Ribeira Grande,PT,2021-05-23 22:55:21,38.5167,-28.7,60.66,63,97,3.91
201,The Valley,AI,2021-05-23 22:58:15,18.217,-63.0578,82.26,81,100,16.73
202,Rawson,AR,2021-05-23 22:55:13,-43.3002,-65.1023,54.64,62,76,12.03
203,Arman,RU,2021-05-23 22:58:16,59.7,150.1667,42.04,73,34,3.87
204,Sant Feliu De Guixols,ES,2021-05-23 22:58:17,41.7833,3.0333,61.23,20,100,6.64
205,Morondava,MG,2021-05-23 22:58:17,-20.2833,44.2833,68.36,76,0,12.24
206,Orbetello,IT,2021-05-23 22:58:18,42.4408,11.2196,65.62,93,98,5.08
207,Baturaja,ID,2021-05-23 22:58:18,-4.1333,104.1667,73.09,99,44,1.99
208,Maniitsoq,GL,2021-05-23 22:58:19,65.4167,-52.9,28.74,93,100,11.03
209,Luau,AO,2021-05-23 22:58:19,-10.7073,22.2247,57.6,57,0,4.09
210,Tabou,CI,2021-05-23 22:53:25,4.423,-7.3528,80.78,83,30,5.97
211,Iqaluit,CA,2021-05-23 22:58:31,63.7506,-68.5145,19.13,67,75,23.0
212,Amazar,RU,2021-05-23 22:58:32,53.858,120.875,36.55,99,100,4.45
213,Kapaa,US,2021-05-23 22:58:32,22.0752,-159.319,82.47,67,58,3.0
214,Awjilah,LY,2021-05-23 22:58:33,29.1081,21.2869,76.62,16,0,6.4
215,Tual,ID,2021-05-23 22:57:40,-5.6667,132.75,81.95,81,100,24.49
216,Mayumba,GA,2021-05-23 22:58:34,-3.432,10.6554,76.98,88,99,5.64
217,Birao,CF,2021-05-23 22:58:34,10.2849,22.7882,83.61,15,48,4.97
218,Umm Lajj,SA,2021-05-23 22:56:29,25.0213,37.2685,79.07,55,0,9.04
219,San Patricio,US,2021-05-23 22:58:57,28.017,-97.5169,86.09,68,80,12.24
220,Ambovombe,MG,2021-05-23 22:55:13,-25.1667,46.0833,64.76,87,0,2.04
221,Broken Hill,AU,2021-05-23 22:59:20,-31.95,141.4333,55.11,62,100,12.66
222,Kruisfontein,ZA,2021-05-23 22:56:45,-34.0033,24.7314,60.75,28,20,9.33
223,Port Hedland,AU,2021-05-23 22:57:41,-20.3167,118.5667,60.85,72,17,6.91
224,Olafsvik,IS,2021-05-23 22:57:13,64.8945,-23.7142,40.68,76,47,12.35
225,Nagato,JP,2021-05-23 22:59:32,34.3833,131.2,67.91,89,100,4.05
226,Byron Bay,AU,2021-05-23 22:59:33,-28.65,153.6167,66.87,79,98,12.66
227,Labuhan,ID,2021-05-23 22:59:33,-6.8844,112.2051,77.14,89,27,7.49
228,Hurghada,EG,2021-05-23 22:57:57,27.2574,33.8129,78.84,31,0,13.8
229,Abilene,US,2021-05-23 22:59:07,32.4487,-99.7331,82.89,67,100,5.99
230,Disna,BY,2021-05-23 22:59:34,55.568,28.1971,47.19,97,89,8.39
231,Goderich,CA,2021-05-23 22:57:28,43.7501,-81.7165,63.21,72,100,12.66
232,Lebu,CL,2021-05-23 22:55:47,-37.6167,-73.65,53.4,79,99,1.97
233,Esperance,AU,2021-05-23 22:56:26,-33.8667,121.9,48.04,84,88,24.11
234,Cernatesti,RO,2021-05-23 22:59:47,45.2667,26.7667,65.93,74,33,5.3
235,Kondinskoye,RU,2021-05-23 22:59:47,59.6481,67.41,54.66,63,100,7.36
236,Fairbanks,US,2021-05-23 22:59:48,64.8378,-147.7164,56.61,46,85,1.01
237,Nizwa,OM,2021-05-23 22:58:12,22.9333,57.5333,83.25,48,1,2.28
238,Palmer,US,2021-05-23 22:55:17,42.1584,-72.3287,75.67,69,75,11.1
239,Agadez,NE,2021-05-23 22:59:49,19.75,10.25,88.0,9,1,8.01
240,Quixere,BR,2021-05-23 22:59:49,-5.0742,-37.9886,80.51,72,85,7.56
241,Chuy,UY,2021-05-23 22:59:50,-33.6971,-53.4616,53.85,88,100,23.44
242,Slavsk,RU,2021-05-23 23:00:01,55.0425,21.677,45.81,83,64,7.23
243,Jalu,LY,2021-05-23 23:00:04,29.0331,21.5482,75.85,15,0,6.53
244,Aztec,US,2021-05-23 23:00:06,36.8222,-107.9929,70.48,7,0,4.94
245,Uddevalla,SE,2021-05-23 23:00:30,58.3478,11.9424,52.16,95,89,8.01
246,Naples,IT,2021-05-23 22:58:33,40.8333,14.25,72.14,60,0,4.0
247,Belmonte,BR,2021-05-23 23:00:31,-15.8631,-38.8828,75.11,90,57,9.1
248,Banda Aceh,ID,2021-05-23 23:00:31,5.5577,95.3222,81.0,81,100,10.4
249,Punakha,BT,2021-05-23 23:00:32,27.5837,89.8598,67.84,88,40,1.92
250,East London,ZA,2021-05-23 23:00:29,-33.0153,27.9116,63.41,30,86,7.65
251,Livingstone,ZM,2021-05-23 23:00:33,-17.8419,25.8543,55.29,68,0,4.65
252,Novyy Urengoy,RU,2021-05-23 23:00:33,66.0833,76.6333,51.13,79,95,19.42
253,Alyangula,AU,2021-05-23 23:00:34,-13.8483,136.4192,78.73,72,94,11.41
254,Flinders,AU,2021-05-23 23:00:45,-34.5833,150.8552,61.38,97,98,1.01
255,Acari,PE,2021-05-23 23:00:57,-15.4311,-74.6158,68.86,70,48,4.07
256,Asau,RO,2021-05-23 23:01:08,46.4333,26.4,58.28,97,76,9.15
257,Haines Junction,CA,2021-05-23 23:01:09,60.7522,-137.5108,44.13,86,100,3.09
258,Sao Filipe,CV,2021-05-23 23:01:20,14.8961,-24.4956,73.51,77,1,12.24
259,Campbell River,CA,2021-05-23 23:00:13,50.0163,-125.2446,65.26,55,36,1.01
260,Tacna,PE,2021-05-23 23:01:33,-18.0056,-70.2483,59.09,83,6,3.56
261,Ostrovnoy,RU,2021-05-23 23:01:33,68.0531,39.5131,33.01,67,6,3.51
262,Biltine,TD,2021-05-23 23:01:33,14.5333,20.9167,84.63,13,16,10.25
263,Pisco,PE,2021-05-23 23:00:41,-13.7,-76.2167,66.02,80,60,4.09
264,Boa Vista,BR,2021-05-23 23:01:22,2.8197,-60.6733,85.98,70,40,8.05
265,Hami,CN,2021-05-23 23:01:57,42.8,93.45,63.63,18,0,4.81
266,Katobu,ID,2021-05-23 23:01:57,-4.9408,122.5276,76.59,91,34,1.36
267,Coquimbo,CL,2021-05-23 23:01:28,-29.9533,-71.3436,61.2,67,60,2.59
268,Havoysund,NO,2021-05-23 23:01:58,70.9963,24.6622,37.35,60,61,9.98
269,Khorostkiv,UA,2021-05-23 23:01:59,49.2111,25.9217,55.62,97,100,6.69
270,Arnedo,ES,2021-05-23 23:02:10,42.2167,-2.1,52.16,64,43,4.12
271,Yerbogachen,RU,2021-05-23 23:02:11,61.2767,108.0108,46.35,48,28,4.85
272,Harrison,US,2021-05-23 23:02:11,30.4091,-89.0436,84.31,65,1,9.22
273,Saint-Georges,GD,2021-05-23 23:02:12,12.0564,-61.7485,79.68,80,52,15.9
274,Jamame,SO,2021-05-23 23:02:12,0.0722,42.7506,76.82,76,59,11.97
275,Saint Anthony,US,2021-05-23 23:02:24,45.0205,-93.218,77.49,77,1,1.99
276,Dalvik,IS,2021-05-23 23:02:24,65.9702,-18.5286,37.2,96,100,2.82
277,Baruun-Urt,MN,2021-05-23 23:02:48,46.6806,113.2792,39.63,43,89,19.33
278,Raudeberg,NO,2021-05-23 23:01:18,61.9875,5.1352,48.87,93,98,4.61
279,Westport,US,2021-05-23 23:02:48,41.1415,-73.3579,87.78,71,20,13.4
280,Churapcha,RU,2021-05-23 23:02:49,62.0025,132.4325,47.84,57,100,12.84
281,Lavrentiya,RU,2021-05-23 23:02:49,65.5833,-171.0,33.08,96,88,4.83
282,Paamiut,GL,2021-05-23 23:02:50,61.994,-49.6678,33.13,91,100,10.89
283,Te Anau,NZ,2021-05-23 23:00:45,-45.4167,167.7167,44.22,86,20,4.03
284,Severnyy,RU,2021-05-23 23:03:01,50.677,36.5532,57.24,62,0,4.47
285,Machilipatnam,IN,2021-05-23 23:03:02,16.1667,81.1333,86.97,75,98,13.38
286,Merrill,US,2021-05-23 23:03:03,45.1805,-89.6835,61.52,88,90,10.36
287,Caboolture,AU,2021-05-23 23:03:03,-27.0833,152.95,69.06,53,10,5.99
288,Laguna,US,2021-05-23 23:03:03,38.421,-121.4238,82.45,31,1,1.99
289,Mjolby,SE,2021-05-23 23:03:04,58.326,15.1237,49.75,95,100,7.83
290,Bluff,NZ,2021-05-23 23:03:04,-46.6,168.3333,49.8,62,92,7.7
291,Guerrero Negro,MX,2021-05-23 23:03:05,27.9769,-114.0611,67.86,53,4,20.09
292,Yumen,CN,2021-05-23 23:03:05,40.2833,97.2,52.97,19,0,5.23
293,Cidreira,BR,2021-05-23 23:03:17,-30.1811,-50.2056,57.9,68,52,26.82
294,Tautira,PF,2021-05-23 23:01:51,-17.7333,-149.15,86.02,76,56,6.02
295,Weyburn,CA,2021-05-23 23:03:18,49.6668,-103.8511,49.17,72,97,17.07
296,Tilichiki,RU,2021-05-23 23:03:18,60.4667,166.1,33.89,85,100,10.83
297,Sangolqui,EC,2021-05-23 23:03:19,-0.3341,-78.4522,57.69,80,73,3.71
298,Broome,US,2021-05-23 23:03:19,42.2506,-75.833,65.53,92,90,3.0
299,Hirara,JP,2021-05-23 23:03:20,24.8,125.2833,81.91,87,47,15.55
300,Poya,NC,2021-05-23 23:03:20,-21.35,165.15,72.54,63,47,8.52
301,Jumla,NP,2021-05-23 23:03:20,29.2747,82.1838,51.6,90,1,2.95
302,Usinsk,RU,2021-05-23 23:03:31,65.9939,57.5281,33.67,58,51,10.27
303,Mecca,SA,2021-05-23 23:03:32,21.4267,39.8261,84.63,46,0,1.81
304,Mangan,IN,2021-05-23 23:03:32,27.5167,88.5333,70.77,73,19,5.55
305,Lasa,IT,2021-05-23 23:03:32,46.6166,10.7002,47.35,94,100,3.56
306,Anjozorobe,MG,2021-05-23 23:03:33,-18.4,47.8667,57.52,96,79,3.06
307,Ulaanbaatar,MN,2021-05-23 23:03:33,47.9077,106.8832,33.93,68,20,7.05
308,Porto Walter,BR,2021-05-23 23:03:34,-8.2686,-72.7439,78.55,82,99,2.73
309,Vostok,RU,2021-05-23 23:03:34,46.4856,135.8833,60.04,59,100,5.84
310,Terney,RU,2021-05-23 23:03:35,45.0503,136.6092,52.63,87,85,3.76
311,Bambanglipuro,ID,2021-05-23 23:03:35,-7.95,110.2833,75.06,91,49,3.29
312,Dunedin,NZ,2021-05-23 22:59:34,-45.8742,170.5036,48.79,70,91,5.01
313,Viedma,AR,2021-05-23 23:03:47,-40.8135,-62.9967,51.98,61,29,7.83
314,Bure,ET,2021-05-23 23:03:48,10.7,37.0667,65.71,51,89,3.0
315,Torbay,CA,2021-05-23 23:03:48,47.6666,-52.7314,50.58,93,90,21.85
316,Deoria,IN,2021-05-23 23:03:49,26.5047,83.7872,85.03,33,0,4.09
317,Lower Hutt,NZ,2021-05-23 23:00:09,-41.2167,174.9167,56.01,91,90,8.01
318,Kabinda,CD,2021-05-23 23:01:27,-6.1333,24.4833,70.79,57,85,3.11
319,Muros,ES,2021-05-23 23:03:49,42.7762,-9.0603,59.09,94,100,18.68
320,Ixtapa,MX,2021-05-23 23:04:01,20.7,-105.2,81.63,78,20,13.8
321,Garachine,PA,2021-05-23 23:04:01,8.0647,-78.3628,80.64,86,100,5.57
322,Krasnoselkup,RU,2021-05-23 23:04:02,65.7,82.4667,44.37,85,94,6.8
323,Ahipara,NZ,2021-05-23 23:01:33,-35.1667,173.1667,58.89,68,96,16.26
324,Tsogni,GA,2021-05-23 23:04:03,-2.7942,10.0988,75.99,92,99,4.03
325,Svetlogorsk,BY,2021-05-23 23:04:03,52.6333,29.7333,48.94,90,97,4.0
326,Talnakh,RU,2021-05-23 23:03:00,69.4865,88.3972,33.21,99,100,7.14
327,Nyurba,RU,2021-05-23 23:04:15,63.2842,118.3319,49.37,40,0,2.91
328,Kuntaur,GM,2021-05-23 23:04:16,13.6667,-14.8833,87.19,28,73,12.84
329,Dingle,PH,2021-05-23 23:01:58,10.9995,122.6711,80.42,79,1,3.36
330,Naze,JP,2021-05-23 23:04:16,28.3667,129.4833,74.32,90,79,16.33
331,Prince Rupert,CA,2021-05-23 23:04:05,54.3161,-130.3201,53.02,71,72,5.12
332,Mar Del Plata,AR,2021-05-23 23:04:17,-38.0023,-57.5575,56.12,55,72,11.01
333,Basco,PH,2021-05-23 23:04:18,20.4487,121.9702,83.77,79,75,14.03
334,Ylivieska,FI,2021-05-23 23:04:18,64.0833,24.55,44.89,99,100,4.27
335,Puerto Escondido,MX,2021-05-23 23:04:19,15.85,-97.0667,87.89,60,2,6.13
336,Salekhard,RU,2021-05-23 23:04:30,66.53,66.6019,35.13,62,30,22.68
337,Namie,JP,2021-05-23 23:04:31,37.4833,141.0,72.97,65,59,0.54
338,Uyuni,BO,2021-05-23 23:04:31,-20.4597,-66.825,42.01,20,84,8.77
339,Nanakuli,US,2021-05-23 23:04:32,21.3906,-158.1547,83.03,68,75,1.45
340,Hobyo,SO,2021-05-23 23:04:32,5.3505,48.5268,79.05,76,94,20.67
341,Galesong,ID,2021-05-23 23:04:32,-5.3166,119.3661,75.22,82,65,6.17
342,Namibe,AO,2021-05-23 23:04:33,-15.1961,12.1522,73.36,76,52,5.21
343,Christchurch,NZ,2021-05-23 23:03:08,-43.5333,172.6333,52.92,87,90,5.99
344,Nabire,ID,2021-05-23 23:04:34,-3.3667,135.4833,76.23,94,100,3.15
345,Kampot,KH,2021-05-23 23:04:45,10.6167,104.1833,80.65,82,100,10.89
346,Provideniya,RU,2021-05-23 23:04:46,64.3833,-173.3,35.71,69,90,17.9
347,Guaira,BR,2021-05-23 23:04:46,-20.3183,-48.3106,67.1,95,100,6.85
348,Barcelos,PT,2021-05-23 23:04:47,41.5388,-8.6151,57.85,93,95,6.85
349,Salamanca,ES,2021-05-23 23:04:47,40.8333,-6.0,49.78,82,4,8.86
350,Vila Franca Do Campo,PT,2021-05-23 23:04:48,37.7167,-25.4333,57.61,77,31,3.51
351,Soe,ID,2021-05-23 23:04:48,-9.8607,124.284,65.84,81,40,3.02
352,Kuah,MY,2021-05-23 23:04:49,6.3265,99.8432,84.22,75,99,8.97
353,Neiafu,TO,2021-05-23 23:01:12,-18.65,-173.9833,83.08,78,20,6.91
354,Gurjaani,GE,2021-05-23 23:04:50,41.7429,45.8011,67.86,52,90,5.08
355,San Bartolome De Tirajana,ES,2021-05-23 23:05:01,27.9248,-15.5733,57.31,73,75,17.83
356,Kolyshley,RU,2021-05-23 23:05:04,52.7005,44.5367,62.11,98,100,7.02
357,Nemuro,JP,2021-05-23 23:02:48,43.3236,145.575,45.23,93,100,3.87
358,Pangnirtung,CA,2021-05-23 23:05:05,66.1451,-65.7125,17.11,84,92,3.27
359,Lindsay,US,2021-05-23 23:05:16,36.203,-119.0882,83.77,14,1,9.8
360,Praya,CV,2021-05-23 23:05:17,14.9215,-23.5087,73.94,73,75,14.97
361,Tabora,TZ,2021-05-23 23:05:17,-5.0167,32.8,62.46,72,7,3.87
362,Chicama,PE,2021-05-23 23:05:18,-7.8447,-79.1469,64.94,75,58,7.7
363,Hay River,CA,2021-05-23 23:05:18,60.8156,-115.7999,59.38,47,49,6.15
364,Vrangel,RU,2021-05-23 23:05:18,42.7297,133.0839,52.14,97,100,5.41
365,Lompoc,US,2021-05-23 23:01:09,34.6391,-120.4579,74.57,70,0,5.01
366,Hereford,GB,2021-05-23 23:02:27,52.0568,-2.7148,48.02,94,98,11.65
367,Ashqelon,IL,2021-05-23 23:05:19,31.6693,34.5715,68.41,72,30,5.59
368,Guanica,PR,2021-05-23 23:05:31,17.9716,-66.908,83.12,71,14,7.0
369,Florianopolis,BR,2021-05-23 23:05:31,-27.6146,-48.5012,67.62,35,0,1.01
370,Cabedelo,BR,2021-05-23 23:05:32,-6.9811,-34.8339,77.99,86,59,10.83
371,Russell,US,2021-05-23 23:05:32,32.3502,-85.1999,90.79,39,1,1.68
372,Litovko,RU,2021-05-23 23:05:33,49.2361,135.1742,63.75,74,100,14.83
373,Arlit,NE,2021-05-23 23:05:33,18.7369,7.3853,90.79,8,1,11.23
374,Olavarria,AR,2021-05-23 23:05:34,-36.8927,-60.3225,50.43,76,87,10.27
375,Seydi,TM,2021-05-23 23:05:34,39.4816,62.9137,75.72,22,0,2.51
376,Dvinskoy,RU,2021-05-23 23:05:46,62.1535,45.1175,54.45,69,100,8.97
377,Trat,TH,2021-05-23 23:05:47,12.5,102.5,79.79,93,91,1.92
378,Alta Floresta,BR,2021-05-23 23:05:47,-9.8756,-56.0861,76.19,86,79,3.33
379,Yulara,AU,2021-05-23 23:05:48,-25.2406,130.9889,63.5,33,6,6.6
380,Marsh Harbour,BS,2021-05-23 23:05:29,26.5412,-77.0636,73.94,59,96,12.1
381,Mlonggo,ID,2021-05-23 23:05:48,-6.5333,110.7,80.49,86,19,6.11
382,Bonavista,CA,2021-05-23 23:05:49,48.6499,-53.1147,48.11,97,100,14.79
383,Adre,TD,2021-05-23 23:05:49,13.4667,22.2,81.07,15,4,11.59
384,Mafinga,TZ,2021-05-23 23:05:50,-7.25,35.0667,61.29,67,27,3.22
385,Axim,GH,2021-05-23 23:05:50,4.8699,-2.2405,79.63,86,51,4.7
386,Vestmannaeyjar,IS,2021-05-23 23:05:51,63.4427,-20.2734,44.02,77,35,7.25
387,Nusaybin,TR,2021-05-23 23:06:02,37.0778,41.2178,66.49,37,7,7.67
388,Burns Lake,CA,2021-05-23 23:06:03,54.2331,-125.7533,65.82,25,24,6.53
389,Porto Novo,BJ,2021-05-23 23:06:03,6.4965,2.6036,79.74,79,92,4.65
390,Adrar,MR,2021-05-23 23:06:04,20.5022,-10.0711,91.44,20,18,10.29
391,Nishihara,JP,2021-05-23 23:06:04,26.1842,127.7558,82.45,85,75,13.73
392,Diamantino,BR,2021-05-23 23:06:05,-14.4086,-56.4461,70.3,96,100,6.31
393,Longyearbyen,SJ,2021-05-23 23:01:52,78.2186,15.6401,26.44,68,20,9.22
394,Vanavara,RU,2021-05-23 23:06:05,60.34,102.2797,46.29,69,26,6.02
395,Shangzhi,CN,2021-05-23 23:06:06,45.2167,127.9667,52.72,75,8,15.95
396,Ambanja,MG,2021-05-23 23:06:17,-13.6833,48.45,70.86,82,94,3.94
397,Ruwi,OM,2021-05-23 23:06:18,23.5996,58.5507,88.68,53,0,6.64
398,Caravelas,BR,2021-05-23 23:01:43,-17.7125,-39.2481,76.17,86,59,10.07
399,Price,US,2021-05-23 23:06:19,39.5994,-110.8107,58.26,24,75,11.5
400,Kaeo,NZ,2021-05-23 23:06:19,-35.1,173.7833,57.13,69,100,13.94
401,San Quintin,MX,2021-05-23 23:06:20,30.4833,-115.95,66.4,59,0,19.93
402,Plettenberg Bay,ZA,2021-05-23 23:06:20,-34.0527,23.3716,66.99,36,45,8.5
403,Half Moon Bay,US,2021-05-23 23:06:32,37.4636,-122.4286,76.53,76,40,10.51
404,Tessalit,ML,2021-05-23 23:06:32,20.1986,1.0114,94.42,19,96,15.46
405,Northam,GB,2021-05-23 23:06:33,51.0333,-4.2167,49.08,88,67,12.84
406,Portland,US,2021-05-23 23:02:37,45.5234,-122.6762,67.69,75,75,4.0
407,Clonakilty,IE,2021-05-23 23:06:34,51.6231,-8.8706,44.1,80,82,8.16
408,Sao Joao Da Barra,BR,2021-05-23 23:04:07,-21.6403,-41.0511,75.34,84,100,10.33
409,Kanniyakumari,IN,2021-05-23 23:06:35,8.0833,77.5667,81.12,84,100,16.91
410,Mount Isa,AU,2021-05-23 23:06:46,-20.7333,139.5,69.57,49,1,5.75
411,Walvis Bay,NA,2021-05-23 23:03:08,-22.9575,14.5053,74.08,31,0,4.97
412,Klaksvik,FO,2021-05-23 23:07:09,62.2266,-6.589,43.72,77,96,5.75
413,Gisborne,NZ,2021-05-23 23:07:10,-38.6533,178.0042,54.95,84,100,24.63
414,Cumberland,US,2021-05-23 23:07:10,35.0502,-78.8664,91.83,28,1,12.66
415,Berbera,SO,2021-05-23 23:07:10,10.4396,45.0143,89.19,55,42,5.91
416,Fukuma,JP,2021-05-23 23:02:15,33.7667,130.4667,66.29,95,100,5.26
417,Saldanha,ZA,2021-05-23 23:04:03,-33.0117,17.9442,63.32,53,39,12.1
418,Huancabamba,PE,2021-05-23 23:07:11,-5.2386,-79.4506,60.22,93,81,5.73
419,Nehe,CN,2021-05-23 23:07:12,48.4833,124.8333,47.95,59,85,15.48
420,Kloulklubed,PW,2021-05-23 23:07:12,7.0419,134.2556,81.1,78,100,10.83
421,Payo,ID,2021-05-23 23:07:13,-3.7508,103.6372,71.92,98,58,1.61
422,Bereda,ES,2021-05-23 23:02:32,43.2686,-7.5406,52.41,97,99,8.75
423,Storforshei,NO,2021-05-23 23:07:36,66.4043,14.5233,40.66,86,97,4.45
424,Mushie,CD,2021-05-23 23:07:47,-3.0167,16.9,73.56,93,100,0.83
425,Lyngseidet,NO,2021-05-23 23:07:48,69.5763,20.2189,35.69,78,23,7.61
426,Panguna,PG,2021-05-23 23:07:48,-6.3164,155.4848,78.78,69,100,0.74
427,Indramayu,ID,2021-05-23 23:07:48,-6.3264,108.32,79.23,83,44,7.49
428,Yar-Sale,RU,2021-05-23 23:07:49,66.8333,70.8333,46.51,69,59,21.65
429,Ambalavao,MG,2021-05-23 23:07:08,-21.8333,46.9333,53.65,94,15,3.31
430,Erenhot,CN,2021-05-23 23:07:50,43.6475,111.9767,45.48,28,75,12.64
431,Fier,AL,2021-05-23 23:07:50,40.7239,19.5561,62.29,71,46,4.43
432,Loikaw,MM,2021-05-23 23:07:51,19.6742,97.2094,68.92,96,88,2.48
433,Kozhva,RU,2021-05-23 23:08:02,65.1073,57.0459,36.45,57,57,6.69
434,Inirida,CO,2021-05-23 23:08:03,3.8653,-67.9239,76.71,95,99,1.66
435,Port Elizabeth,ZA,2021-05-23 23:08:03,-33.918,25.5701,52.09,71,0,1.14
436,Fortuna,US,2021-05-23 23:08:04,40.5982,-124.1573,75.18,63,1,3.0
437,Liverpool,GB,2021-05-23 23:08:04,53.4106,-2.9779,47.68,79,86,1.99
438,Cervo,ES,2021-05-23 23:08:05,43.6702,-7.4101,55.96,84,98,18.25
439,Mapiripan,CO,2021-05-23 23:08:05,2.8892,-72.1256,75.36,95,83,2.95
440,Woodward,US,2021-05-23 23:08:05,36.4337,-99.3904,71.92,74,90,20.96
441,Grand Gaube,MU,2021-05-23 23:08:06,-20.0064,57.6608,69.39,83,47,3.0
442,Batticaloa,LK,2021-05-23 23:08:06,7.7102,81.6924,80.4,78,80,6.2
443,Sal Rei,CV,2021-05-23 23:08:07,16.1833,-22.9167,73.96,86,20,16.2
444,Manukan,PH,2021-05-23 23:08:18,8.5333,123.1,80.82,81,8,3.2
445,Piacabucu,BR,2021-05-23 23:08:19,-10.4056,-36.4344,75.13,82,72,6.73
446,Fort-Shevchenko,KZ,2021-05-23 23:08:19,44.5086,50.263,77.56,29,0,14.07
447,Uyovu,TZ,2021-05-23 23:08:20,-3.2833,31.5258,65.05,74,84,4.29
448,Show Low,US,2021-05-23 23:08:20,34.2542,-110.0298,72.3,3,1,14.97
449,Gawler,AU,2021-05-23 23:08:21,-34.6,138.7333,68.22,42,100,15.03
450,Tazmalt,DZ,2021-05-23 23:08:32,36.3868,4.3989,67.93,80,97,12.01
451,Oktyabrskiy,RU,2021-05-23 23:08:33,54.4815,53.471,73.87,29,96,14.2
452,Deputatskiy,RU,2021-05-23 23:08:33,69.3,139.9,33.89,68,9,4.29
453,Rio Verde De Mato Grosso,BR,2021-05-23 23:08:34,-18.9181,-54.8442,64.9,86,100,3.65
454,Tura,IN,2021-05-23 23:08:34,25.5198,90.2201,78.08,72,18,4.0
455,Manaure,CO,2021-05-23 23:08:35,11.7751,-72.4445,84.52,68,99,18.79
456,Topolobampo,MX,2021-05-23 23:08:35,25.6,-109.05,93.11,35,1,20.71
457,Hambantota,LK,2021-05-23 23:08:35,6.1241,81.1185,81.48,82,93,17.81
458,Mananara,MG,2021-05-23 23:08:47,-16.1667,49.7667,67.23,92,91,6.62
459,Ngawen,ID,2021-05-23 23:08:47,-7.0032,111.3129,74.16,91,14,3.62
460,Hasaki,JP,2021-05-23 23:08:59,35.7333,140.8333,71.19,75,93,4.34
461,San Cristobal,VE,2021-05-23 23:08:59,7.7669,-72.225,77.18,78,98,3.04
462,Valleyview,CA,2021-05-23 23:04:35,55.0667,-117.2859,71.38,35,73,2.06
463,Leh,IN,2021-05-23 23:09:00,34.1667,77.5833,39.63,93,100,4.83
464,Aswan,EG,2021-05-23 23:09:01,24.0934,32.907,77.23,23,0,10.04
465,Santa Maria,BR,2021-05-23 23:05:14,-29.6842,-53.8069,53.37,75,99,15.12
466,Khani,GE,2021-05-23 23:09:01,41.9563,42.9566,49.57,99,100,2.15
467,Birobidzhan,RU,2021-05-23 23:08:29,48.8,132.95,49.51,85,100,2.73
468,Corlateni,RO,2021-05-23 23:09:02,47.9333,26.55,60.01,86,91,1.01
469,Petropavlovsk-Kamchatskiy,RU,2021-05-23 23:09:03,53.0452,158.6483,46.99,87,75,3.2
470,Pingshan,CN,2021-05-23 23:09:24,22.9938,114.7131,82.27,82,59,1.54
471,Chicago,US,2021-05-23 23:09:22,41.85,-87.65,81.37,78,75,5.99
472,Burnie,AU,2021-05-23 23:05:26,-41.0667,145.9167,52.95,79,98,10.54
473,Manggar,ID,2021-05-23 23:09:37,-2.8833,108.2667,81.97,76,25,9.17
474,Sembe,CG,2021-05-23 23:09:48,1.6481,14.5806,70.84,97,90,1.1
475,Andra,RU,2021-05-23 23:09:48,62.5147,65.8878,53.37,63,8,9.64
476,Porto Franco,BR,2021-05-23 23:09:49,-6.3383,-47.3992,78.53,69,46,1.3
477,Vila Do Maio,CV,2021-05-23 23:09:49,15.1333,-23.2167,74.19,85,2,16.26
478,Nantucket,US,2021-05-23 23:10:01,41.2835,-70.0995,68.14,91,75,30.33
479,Ancud,CL,2021-05-23 23:10:03,-41.8697,-73.8203,53.42,93,70,8.55
480,Sindor,RU,2021-05-23 23:10:03,62.8629,51.8905,44.73,71,65,6.13
481,Krasnyy Yar,RU,2021-05-23 23:10:04,46.5331,48.3456,64.33,39,14,7.38
482,Mogocha,RU,2021-05-23 23:10:04,53.7333,119.7667,36.09,91,100,8.12
483,Sungai Padi,TH,2021-05-23 23:10:16,6.0851,101.8766,74.28,91,96,2.64
484,Doha,QA,2021-05-23 23:05:20,25.2867,51.5333,89.58,51,0,2.3
485,Arys,KZ,2021-05-23 23:10:17,42.4252,68.795,71.82,55,89,6.51
486,Salym,RU,2021-05-23 23:10:17,60.0625,71.4789,52.54,69,0,5.66
487,Muisne,EC,2021-05-23 23:10:18,0.6,-80.0333,76.73,85,72,7.36
488,Dibulla,CO,2021-05-23 23:10:18,11.2725,-73.3091,80.82,86,100,3.6
489,Sirajganj,BD,2021-05-23 23:10:19,24.45,89.7167,87.08,66,28,8.9
490,Koslan,RU,2021-05-23 23:10:19,63.4564,48.8989,41.95,70,86,7.58
491,Aykhal,RU,2021-05-23 23:10:20,66.0,111.5,41.07,63,33,12.08
492,Merauke,ID,2021-05-23 23:10:31,-8.4667,140.3333,78.4,77,100,13.58
493,Colares,PT,2021-05-23 23:10:32,38.7992,-9.4469,60.33,72,5,13.0
494,Dulce Grande,MX,2021-05-23 23:10:32,23.0,-102.1667,62.94,46,59,24.54
495,Saint-Joseph,RE,2021-05-23 23:10:32,-21.3667,55.6167,68.36,81,85,12.77
496,Praia Da Vitoria,PT,2021-05-23 23:10:33,38.7333,-27.0667,58.75,70,60,5.84
497,Buin,CL,2021-05-23 23:10:33,-33.7333,-70.75,66.09,23,70,4.72
498,Matagami,CA,2021-05-23 23:10:34,49.7502,-77.6328,48.49,39,9,8.97
499,De Aar,ZA,2021-05-23 23:10:34,-30.6497,24.0123,51.46,30,61,5.84
500,Maceio,BR,2021-05-23 23:10:03,-9.6658,-35.7353,74.64,80,20,8.43
501,Challans,FR,2021-05-23 23:10:47,46.8436,-1.8749,56.32,83,93,28.16
502,Pestyaki,RU,2021-05-23 23:10:47,56.7103,42.6717,51.64,98,73,5.08
503,Lagoa,PT,2021-05-23 23:10:48,39.05,-27.9833,60.64,65,49,7.7
504,Yidu,CN,2021-05-23 23:10:48,24.1614,115.1328,78.69,80,82,4.07
505,Kedrovyy,RU,2021-05-23 23:10:49,56.1667,91.8167,57.61,96,100,11.16
506,Codrington,AU,2021-05-23 23:10:49,-38.2667,141.9667,56.5,64,100,12.5
507,Andreapol,RU,2021-05-23 23:11:01,56.6513,32.2664,45.14,96,80,9.31
508,Mahajanga,MG,2021-05-23 23:11:01,-15.7167,46.3167,68.02,94,20,2.3
509,Qinggang,CN,2021-05-23 23:11:02,46.6833,126.0833,52.83,39,9,20.24
510,Roma,US,2021-05-23 23:09:38,43.2128,-75.4557,68.43,56,1,12.66
511,Atambua,ID,2021-05-23 23:11:03,-9.1061,124.8925,72.36,79,47,4.54
512,Grafton,US,2021-05-23 23:11:04,42.207,-71.6856,73.2,76,40,13.09
513,Verkhnyaya Inta,RU,2021-05-23 23:11:04,65.9811,60.3094,34.36,58,81,15.05
514,Sabya,SA,2021-05-23 23:11:05,17.1495,42.6254,90.36,38,3,1.95
515,Kazachinskoye,RU,2021-05-23 23:11:16,57.6953,93.2761,56.5,97,100,8.79
516,Quetigny,FR,2021-05-23 23:11:17,47.3167,5.1167,46.06,87,0,3.44
517,Mikuni,JP,2021-05-23 23:11:17,36.2171,136.1519,69.62,65,100,5.55
518,La Union,PE,2021-05-23 23:11:17,-5.4,-80.75,74.71,63,86,15.99
519,Poopo,BO,2021-05-23 23:11:10,-18.3667,-66.9667,44.44,20,100,3.91
520,Asekeyevo,RU,2021-05-23 23:11:18,53.5742,52.7972,72.18,30,76,13.31
521,Hualmay,PE,2021-05-23 23:11:19,-11.0964,-77.6139,65.08,84,53,8.05
522,Santa Cruz,BO,2021-05-23 23:10:18,-17.8,-63.1667,65.75,33,100,8.39
523,Ust-Uda,RU,2021-05-23 23:11:20,54.1742,103.0304,42.1,61,29,1.14
524,Fukue,JP,2021-05-23 23:11:31,32.6881,128.8419,62.53,89,100,15.19
525,Mobaye,CF,2021-05-23 23:11:32,4.319,21.1786,72.09,94,100,3.4
526,Kismayo,SO,2021-05-23 23:11:32,-0.3582,42.5454,77.56,79,48,16.67
527,Ikalamavony,MG,2021-05-23 23:11:33,-21.15,46.5833,56.14,91,15,4.97
528,Whitehorse,CA,2021-05-23 23:11:33,60.7161,-135.0538,52.11,43,75,8.01
529,Kandalaksha,RU,2021-05-23 23:11:45,67.162,32.4123,35.13,75,91,8.86
530,Avallon,FR,2021-05-23 23:11:45,47.4833,3.9,46.15,81,100,5.99
531,Umuarama,BR,2021-05-23 23:11:46,-23.7664,-53.325,54.03,51,1,4.12
532,Mangla,PK,2021-05-23 23:11:46,31.8931,72.3817,79.92,39,0,6.35
533,Magadi,IN,2021-05-23 23:11:47,12.9667,77.2333,71.94,87,100,11.25
534,Nuuk,GL,2021-05-23 23:11:47,64.1835,-51.7216,29.01,100,90,6.91
535,Luderitz,NA,2021-05-23 23:11:48,-26.6481,15.1594,72.64,34,0,6.44
536,La Ronge,CA,2021-05-23 23:11:48,55.1001,-105.2842,61.77,47,41,7.76
537,Handan,CN,2021-05-23 23:11:49,36.6006,114.4678,73.89,12,10,6.33
538,Chapais,CA,2021-05-23 23:09:50,49.7834,-74.8492,48.51,36,0,9.8
539,Gigmoto,PH,2021-05-23 23:12:00,13.7796,124.39,82.83,80,14,4.61
540,Port Blair,IN,2021-05-23 23:12:01,11.6667,92.75,82.09,83,100,25.12
541,Kemijarvi,FI,2021-05-23 23:12:01,66.7131,27.4306,31.86,86,97,7.43
542,Suhut,TR,2021-05-23 23:12:02,38.5311,30.5458,49.39,56,12,3.4
543,Pakenham,AU,2021-05-23 23:12:02,-38.0667,145.4833,57.54,74,100,3.0
544,Auki,SB,2021-05-23 23:12:03,-8.7676,160.7034,77.07,90,100,7.83
545,Kodinsk,RU,2021-05-23 23:12:03,58.6881,99.1844,47.57,85,100,8.39
546,Taltal,CL,2021-05-23 23:12:03,-25.4,-70.4833,61.65,69,42,2.08
547,Marau,BR,2021-05-23 23:12:04,-28.4492,-52.2,48.31,82,90,11.39
548,Meulaboh,ID,2021-05-23 23:12:04,4.1363,96.1285,76.98,88,97,4.74
549,Puro,PH,2021-05-23 23:12:05,12.4841,123.3827,82.63,75,19,5.5
550,Barranca,PE,2021-05-23 23:12:16,-10.75,-77.7667,64.54,83,48,7.25
551,Okhtyrka,UA,2021-05-23 23:12:17,50.3104,34.8988,53.51,81,86,2.73
552,Yuxia,CN,2021-05-23 23:12:17,34.0615,108.6291,64.74,46,67,4.29
553,Kodra,UA,2021-05-23 23:12:18,50.5949,29.5587,57.31,74,100,3.4
554,Ambunti,PG,2021-05-23 23:12:18,-4.2365,142.8448,77.86,93,100,1.34
555,Fare,PF,2021-05-23 23:12:19,-16.7,-151.0167,80.22,78,78,11.79
556,Victoria Point,AU,2021-05-23 23:12:19,-27.5833,153.3,69.69,75,4,5.99
